rlzi,sid,eid,gmv_PGA
0,0,0,1.229717E+00
0,0,1,1.924088E+00
