event_id,rup_id,year,rlzi,magnitude,centroid_lon,centroid_lat,centroid_depth,structural
188978561024,44,8,0,5.85000E+00,8.12985E+01,2.91098E+01,4.00000E+00,6.15970E+02
180388626434,42,15,0,5.25000E+00,8.12985E+01,2.91098E+01,4.00000E+00,2.74907E+02
193273528320,45,21,0,6.15000E+00,8.12985E+01,2.91098E+01,4.00000E+00,2.39994E+03
180388626433,42,29,0,5.25000E+00,8.12985E+01,2.91098E+01,4.00000E+00,6.61698E+02
180388626432,42,39,0,5.25000E+00,8.12985E+01,2.91098E+01,4.00000E+00,2.35503E+02
180388626435,42,43,0,5.25000E+00,8.12985E+01,2.91098E+01,4.00000E+00,5.97396E+02
