# mean, investigation_time=50.0, imt="PGA", checksum=1437466600
lon,lat,depth,poe-0.005,poe-0.007,poe-0.0098,poe-0.0137,poe-0.0192
0.00000,0.00000,0.00000,9.943332E-01,9.878234E-01,9.782866E-01,9.663807E-01,9.435291E-01
