# quantile-0.1, investigation_time=50.0, imt="PGA", checksum=1437466600
lon,lat,depth,poe-0.005,poe-0.007,poe-0.0098,poe-0.0137,poe-0.0192
0.00000,0.00000,0.00000,9.732627E-01,9.501054E-01,9.171192E-01,8.800920E-01,8.092933E-01
