event_id,rup_id,year,rlzi,magnitude,centroid_lon,centroid_lat,centroid_depth,structural
2250562863104,524,1,0,4.00000E+00,-1.22034E+02,3.81124E+01,1.00000E+00,1.68142E+02
2254857830400,525,1,0,4.00000E+00,-1.22011E+02,3.81124E+01,1.00000E+00,2.23157E+02
2263447764992,527,1,0,4.00000E+00,-1.21965E+02,3.81124E+01,1.00000E+00,4.71339E+02
