event_id,rup_id,year,rlzi,magnitude,centroid_lon,centroid_lat,centroid_depth,structural,structural_ins
193273528320,45,1,0,5.05000E+00,-1.22000E+02,3.80809E+01,1.00000E+00,2.95715E+03,1.95715E+03
240518168576,56,1,0,5.05000E+00,-1.22000E+02,3.80989E+01,3.00000E+00,2.04193E+03,1.04193E+03
1017907249152,237,1,0,5.35000E+00,-1.22000E+02,3.81619E+01,6.00000E+00,1.39559E+03,3.95588E+02
1370094567424,319,1,0,5.55000E+00,-1.22000E+02,3.81799E+01,4.00000E+00,4.81998E+03,3.81998E+03
