rlzi,sid,eid,gmv_PGA
1,0,0,2.407331E-01
1,0,1,2.425696E-01
1,0,2,2.444202E-01
1,0,3,2.499382E-01
1,0,4,2.528038E-01
1,0,5,2.558238E-01
1,0,6,2.560669E-01
1,0,7,2.591258E-01
1,0,8,2.647243E-01
1,0,9,2.661111E-01
1,0,10,3.166394E-01
1,0,11,3.649604E-01
1,0,12,3.905808E-01
1,0,13,4.020639E-01
1,0,14,5.233122E-01
